"scientificName","year"
"Mustela erminea","1600"
"Sciurus vulgaris","1600"
"Sorex minutus","1600"
"Cervus elaphus","1600"
"Mustela nivalis","1600"
"Sciurus vulgaris","1600"
"Sorex minutus","1600"
"Vulpes vulpes","1600"
"Felis catus","1600"
"Mustela erminea","1600"
"Neomys fodiens","1600"
"Sorex minutus","1600"
"Sorex minutus","1600"
"Sciurus vulgaris","1600"
"Cervus elaphus","1600"
"Muntiacus reevesi","1600"
"Sciurus vulgaris","1600"
"Erinaceus europaeus","1600"
"Mus musculus","1600"
"Sorex minutus","1600"
"Sorex minutus","1600"
"Apodemus sylvaticus","1600"
"Vulpes vulpes","1600"
"Mustela nivalis","1600"
"Cervus elaphus","1600"
