"","decimalLatitude","decimalLongitude","eventDate","scientificName","taxonConceptID","recordID"
"1",47.043265,15.153633,"2021-03-31","Bombina variegata",2423435,"a358fdd5-500f-4963-9454-545a88172748"
"2",46.655257,15.521563,"2014-03-27","Bombina variegata",2423435,"9212accb-b19e-465c-85b2-df6f018e83ef"
"3",48.12541318,16.05688905,"","Bombina variegata",2423435,"e331e44e-fcc2-4da2-ac4a-9a2f6265530c"
"4",48.12320853,16.05636371,"","Bombina variegata",2423435,"da843bec-ab22-4719-b268-b26c89835749"
"5",48.12043758,16.05966948,"","Bombina variegata",2423435,"b2db97ae-d8ac-413c-be20-eed1aa485a32"
"6",48.45346116,15.37860676,"","Bombina variegata",2423435,"b140bb0e-b7af-4fdc-9f9e-510980a73e09"
"7",48.12362143,16.05603909,"","Bombina variegata",2423435,"a0b4ba66-57fb-4a20-8924-eb65f49d60d2"
"8",48.45074345,15.38055047,"","Bombina variegata",2423435,"8afc5839-a7fa-4bfc-834b-6d4b85c69364"
"9",48.45346173,15.37867435,"","Bombina variegata",2423435,"76455517-8560-4000-a940-ddc69139bb2d"
"10",48.12146186,16.22401524,"","Bombina variegata",2423435,"735f166f-b8a1-410b-ba67-cabee5a01007"
"11",47.895485,15.47065209,"","Bombina variegata",2423435,"703a6e25-cda6-4d3c-b13e-2da2cd7e5870"
"12",48.12622195,16.05662944,"","Bombina variegata",2423435,"2f023c17-f38d-46f3-908f-1d690bf3de7b"
"13",48.20126612,16.04028006,"2004-10-05","Bombina variegata",2423435,"46c8d8cd-902b-4329-b8ae-4e39a39402f4"
"14",48.19999996,16.03752962,"2004-09-03","Bombina variegata",2423435,"eff7955d-15a2-45da-918a-46a892b965a2"
"15",48.19001269,16.03570469,"2004-09-03","Bombina variegata",2423435,"eef0c362-3816-4db1-9acf-998795763db2"
"16",48.2018725,16.03482818,"2004-09-02","Bombina variegata",2423435,"de46aa19-096e-4a15-b5bb-6bf866f76cb1"
"17",48.18645529,16.03377541,"2004-09-03","Bombina variegata",2423435,"d654b8c0-f648-4e34-acd9-c8173a796fe6"
"18",48.07642174,15.98926215,"2003-09-03","Bombina variegata",2423435,"b6838060-08dd-485e-8942-2506077183c2"
"19",48.07642174,15.98926215,"2003-09-03","Bombina variegata",2423435,"b5770fb4-e394-4408-91dc-95aca88fb1b4"
"20",48.20126612,16.04028006,"2003-09-02","Bombina variegata",2423435,"ad7afe51-5647-4cf9-b0d7-2a868d0a3525"
"21",46.993853,15.937485,"2018-09-12","Bombina variegata",2423435,"a94d7505-f0f3-4a6e-83c9-7fb09e786b9f"
"22",48.20189304,16.03926749,"2004-09-03","Bombina variegata",2423435,"a04cc18c-c666-4aec-a46b-f6e579cd30dd"
"23",47.869992,13.286108,"2020-09-15","Bombina variegata",2423435,"9210c57a-8d56-49bb-84df-eaa04e82750d"
"24",48.149945,16.010299,"2020-09-12","Bombina variegata",2423435,"8da342f2-31e6-499e-b6a8-3be0f25e6ebe"
"25",46.774599,15.802854,"2021-04-24","Bombina variegata",2423435,"f5ff38ce-7b8c-4e3d-b500-9a3253d396a1"
"26",48.332175,16.005735,"2019-09-14","Bombina variegata",2423435,"8b1c64ed-dc0e-4616-bfec-d6a39d7cc030"
"27",48.20126612,16.04028006,"2004-09-03","Bombina variegata",2423435,"89a4fa9f-6a3e-4046-b9db-da7dc1df6178"
"28",48.12280244,16.22460333,"2010-04-06","Bombina variegata",2423435,"f39ee921-ac85-4e8f-9ce3-b6998da140d4"
"29",48.20403807,16.03414281,"2003-09-02","Bombina variegata",2423435,"7cdc1ce6-cd3f-440f-b353-0824f946c957"
"30",47.616965,13.925256,"2020-09-18","Bombina variegata",2423435,"74deced3-f513-4a0d-a668-9f50241acb06"
"31",48.25406152,16.12412764,"2010-04-25","Bombina variegata",2423435,"d778ecc2-5bba-441f-a590-2ab7376ceef4"
"32",48.19999996,16.03752962,"2004-09-03","Bombina variegata",2423435,"732ba81b-e287-4130-bf1f-61de68f006be"
"33",47.616746,13.925681,"2020-09-18","Bombina variegata",2423435,"71e841a0-d332-4107-8afb-9cb53fa6255f"
"34",48.11164657,16.21184286,"2004-04-29","Bombina variegata",2423435,"ce42366c-74a7-4b20-8067-bc618e73a94b"
"35",48.148803,16.011213,"2020-09-12","Bombina variegata",2423435,"6c0665e8-e03f-4ec8-bbb2-91d0949e3cf1"
"36",48.07896798,15.98078997,"2003-09-03","Bombina variegata",2423435,"6ad8b399-d784-47f1-9e21-dcacf2d85609"
"37",46.883395,14.27312,"2020-09-16","Bombina variegata",2423435,"6920b78f-3b37-4842-aa9d-203885a5488d"
"38",48.20071009,16.03396059,"2003-09-02","Bombina variegata",2423435,"4c0a4e76-0362-4180-b173-f16611b95cf7"
"39",48.11029696,16.21128211,"2004-04-29","Bombina variegata",2423435,"bfd1eb8b-de35-408c-b875-6c365b1f929a"
"40",48.07962658,15.99031428,"2003-09-03","Bombina variegata",2423435,"4a7f651c-5c93-46f2-83bf-270deae2c5b5"
"41",48.19564,16.181905,"2021-04-30","Bombina variegata",2423435,"a69cd85c-5dc5-4106-9c14-1269c6b4369a"
"42",48.07775124,15.99475558,"2003-09-03","Bombina variegata",2423435,"4858f661-01e1-464a-a2fa-848ac35e9147"
"43",48.12280244,16.22460333,"2010-04-16","Bombina variegata",2423435,"956b609f-d1c0-4553-b97e-e66b4bff008c"
"44",48.07962658,15.99031428,"2003-09-03","Bombina variegata",2423435,"3ef6eb7d-a0fb-4f12-9796-bfd8fc7f2b47"
"45",48.18883617,15.29477966,"2003-09-21","Bombina variegata",2423435,"3c84cca1-e108-4b2e-9120-eaf516ad1357"
"46",48.18657789,16.02913486,"2004-09-07","Bombina variegata",2423435,"35267101-67eb-4229-a6e0-acf1a116b726"
"47",47.477435,9.77161,"2019-04-01","Bombina variegata",2423435,"7f8a4bfe-620c-4382-a225-c031a3307c33"
"48",48.18645529,16.03377541,"2003-09-02","Bombina variegata",2423435,"1ec25edb-0ed7-478e-af53-1ee791099e3b"
"49",47.623852,13.902293,"2018-04-29","Bombina variegata",2423435,"7ec3efa5-c6c3-4a1d-8888-858f61f54ce4"
"50",48.20126612,16.04028006,"2003-09-02","Bombina variegata",2423435,"1bb918ed-3e59-45c8-b2cf-eabd7be62bc4"
"51",48.12280244,16.22460333,"2010-04-25","Bombina variegata",2423435,"798ebbe3-3557-4b15-906d-5eb141ae403f"
"52",48.20663584,16.03365665,"2004-09-02","Bombina variegata",2423435,"18c8385d-2e6f-4d3b-a83d-1a6839cb0278"
"53",48.11407533,16.21234734,"2004-04-29","Bombina variegata",2423435,"66db7a08-7dbc-4198-928d-d9239222f5d3"
"54",48.08080575,15.99366168,"2003-09-03","Bombina variegata",2423435,"0c42170c-2744-4ece-8a59-afcf8d05f5ab"
"55",48.08101207,16.00265255,"2004-09-17","Bombina variegata",2423435,"0055940b-0d1d-41dd-bb3b-934da40e25ce"
"56",48.14116584,16.14049882,"2004-04-30","Bombina variegata",2423435,"65945a61-89fa-4d96-939c-22b2a27588b9"
"57",48.044583,15.773964,"2016-04-21","Bombina variegata",2423435,"3e03c030-9ef9-40d0-bb7f-49fea21a0fd9"
"58",48.155608,16.230326,"2015-04-26","Bombina variegata",2423435,"3840144f-75fc-4563-b6e9-63c5f64edaad"
"59",48.1151447,16.21228441,"2009-04-07","Bombina variegata",2423435,"23149578-6d7a-4feb-ba82-67982d716cc1"
"60",47.116947,15.302059,"2020-04-26","Bombina variegata",2423435,"0c6cbe53-c77c-45e8-9a38-e3de0ce4f084"
"61",48.20113226,16.04068441,"2003-07-26","Bombina variegata",2423435,"fbff2985-f680-4b35-bb56-1d998b2651f7"
"62",48.30639782,15.47181473,"2001-07-28","Bombina variegata",2423435,"f549a910-ffb0-44d6-899a-fb1e86ae8fb9"
"63",48.07048489,15.97145541,"2004-07-20","Bombina variegata",2423435,"f43acb89-923b-41ad-ad09-0858ec1917ce"
"64",48.24516585,15.27458448,"2001-07-24","Bombina variegata",2423435,"f33f9bd2-848c-47b9-92a9-06f6734a1d60"
"65",48.08100699,16.00090782,"2003-07-01","Bombina variegata",2423435,"e832522b-95e0-4347-8615-ef3218e6ab91"
"66",48.19001269,16.03570469,"2004-07-26","Bombina variegata",2423435,"e7219e66-4af6-4594-961a-7871f5ea1858"
"67",48.153225,16.223247,"2017-07-03","Bombina variegata",2423435,"e6062f81-74c3-45df-be47-c2f5412f5096"
"68",48.08101207,16.00265255,"2004-07-20","Bombina variegata",2423435,"e540443e-d774-455b-9da5-d4e1ba41e9ff"
"69",48.07649735,15.99650849,"2003-07-01","Bombina variegata",2423435,"e503bbda-6f06-4095-8b6c-3e6e35f65612"
"70",47.788922,14.165479,"2018-07-04","Bombina variegata",2423435,"e1e20d65-00b2-43d3-82df-98facd40a3d3"
"71",48.0832427,15.99659831,"2003-07-21","Bombina variegata",2423435,"dc5d4c0d-9dbb-471d-9f40-f09d1616ea8e"
"72",47.525763,11.669237,"2020-07-29","Bombina variegata",2423435,"d56cddc5-a470-4746-81fc-ec12a5c5fd36"
"73",48.26055357,15.41097016,"2000-06-21","Bombina variegata",2423435,"fe59bf36-c82b-4c8b-b0d9-506f48be2dd4"
"74",47.94642143,15.53706918,"2005-07-20","Bombina variegata",2423435,"d166a929-f3b5-4a3a-94e6-920f7b59ae8e"
"75",48.06870189,15.97643269,"2004-07-20","Bombina variegata",2423435,"d015793f-f53a-410a-b076-7149439d21a6"
"76",47.75902884,14.96939085,"2002-06-03","Bombina variegata",2423435,"fc7d9e09-6f45-4275-b532-dff102d8203b"
"77",48.07960372,15.98279873,"2003-07-01","Bombina variegata",2423435,"c7caab57-8eb7-4d0d-8df9-639541f218ca"
"78",47.412424,16.289912,"2018-06-04","Bombina variegata",2423435,"f28a1f5d-7862-48a2-964e-e9ac88b6ba5a"
"79",47.226387,15.550278,"2018-06-15","Bombina variegata",2423435,"f10060fd-4c2a-4b4e-b848-a66e8c8648d5"
"80",48.12605204,16.02882408,"2002-07-05","Bombina variegata",2423435,"c747c42e-e0e1-4f68-bd87-b4b719a23309"
"81",47.82939909,15.27955257,"2000-06-03","Bombina variegata",2423435,"ed95c3cc-0d28-4fe2-946a-90ff2ca1cc3d"
"82",46.656334,15.522729,"2020-07-23","Bombina variegata",2423435,"c6daaaae-ca1d-447c-8485-1954908e6671"
"83",47.496792,9.655609,"2011-06-03","Bombina variegata",2423435,"e9ddd8e0-1075-41f8-9665-0de02b2bb039"
"84",48.08101207,16.00265255,"2004-07-20","Bombina variegata",2423435,"c5083d55-404e-491e-84f9-6807cca40b9c"
"85",48.06918913,15.98863985,"2003-07-01","Bombina variegata",2423435,"c0de2235-80c1-4858-8f86-13e7c2115ae8"
"86",48.20663584,16.03365665,"2004-06-21","Bombina variegata",2423435,"e0128878-efec-4524-9fc6-9e5aee03a39d"
"87",47.800755,15.711385,"2020-06-07","Bombina variegata",2423435,"d2fd1240-574f-4e72-9fad-6448874da88e"
"88",48.20247373,15.31118519,"2001-07-29","Bombina variegata",2423435,"be00bf0c-f49d-493d-b788-03481b8e55be"
"89",48.34600683,15.51269696,"2000-06-03","Bombina variegata",2423435,"c4f540cd-f307-474c-9207-c6f9053ea6ef"
"90",46.656349,15.522722,"2020-07-23","Bombina variegata",2423435,"bd81ff50-3239-4f69-a58c-14745efc4c69"
"91",48.173858,15.76104039,"2005-06-01","Bombina variegata",2423435,"c02c1ad9-f819-4a1c-9e44-90e34df6d135"
"92",48.20403807,16.03414281,"2004-07-26","Bombina variegata",2423435,"bb838455-b7a1-4c6a-82a3-2269ee9ec33f"
"93",47.054672,16.319014,"2003-06-16","Bombina variegata",2423435,"bc2fd59c-9ee4-45b8-afb6-31ad4c410738"
"94",48.08284078,16.18216433,"2008-07-26","Bombina variegata",2423435,"b225de3c-a298-4b4a-9f3c-7d8e28a1e490"
"95",46.930481,15.426175,"2020-06-27","Bombina variegata",2423435,"bb1dd421-ed1d-4103-8eab-78475445a516"
"96",48.12260621,16.22628277,"2010-07-29","Bombina variegata",2423435,"b1a8955a-99e7-4554-aa8c-7d119e44451b"
"97",48.21681362,16.07282302,"2005-06-12","Bombina variegata",2423435,"b7fe678e-e854-4663-9581-7a17740cd5ca"
"98",48.24516585,15.27458448,"2000-07-30","Bombina variegata",2423435,"aea3e708-ee66-4c57-9e23-5f289a96cb48"
"99",47.68842681,15.81062095,"2000-06-16","Bombina variegata",2423435,"ad32cfc8-79d3-401c-8e0f-6f5752ca517d"
"100",48.07979017,15.9849448,"2003-07-01","Bombina variegata",2423435,"ad00fca4-6699-49d6-b6ef-436ad78ff751"
"101",48.1886606,15.29525396,"2001-06-10","Bombina variegata",2423435,"a88e5671-a4a7-464f-add1-9f3144b89561"
"102",48.08080575,15.99366168,"2003-07-01","Bombina variegata",2423435,"a79fa4ec-b0be-4c24-b58f-7be4934edaf8"
"103",48.26262881,15.48642589,"2000-06-10","Bombina variegata",2423435,"9e27d4f2-2182-4366-8dc5-eba99c3e047b"
"104",48.20403807,16.03414281,"2003-06-21","Bombina variegata",2423435,"9b3994e8-b285-474b-a35d-05347360af09"
"105",48.20403807,16.03414281,"2003-06-21","Bombina variegata",2423435,"98902fad-0a7c-445e-8202-0cee1a7ae374"
"106",48.20142047,16.03052597,"2004-07-26","Bombina variegata",2423435,"a604018d-4837-477d-a310-f764ae87cf60"
"107",48.1886606,15.29525396,"2000-06-01","Bombina variegata",2423435,"96fe98ed-5d4f-47ad-8348-c81431934160"
"108",48.21762311,16.11561187,"2005-06-05","Bombina variegata",2423435,"939c742a-2d67-4807-92c3-6d0dd69c15c6"
"109",48.20189304,16.03926749,"2004-07-26","Bombina variegata",2423435,"a5bd7a7d-8631-4a6a-9a37-8ee45294b845"
"110",47.85097961,15.08242489,"2000-06-02","Bombina variegata",2423435,"90c699e2-19fd-4c55-92a5-06baa456de42"
"111",48.07649735,15.99650849,"2004-06-07","Bombina variegata",2423435,"8de5af9e-31ed-45cf-afb3-e22550a345ee"
"112",48.21005363,16.10784051,"2001-06-23","Bombina variegata",2423435,"8c84c93c-c202-4ee6-93df-641ff4cc21ca"
"113",48.19001269,16.03570469,"2004-10-05","Bombina variegata",2423435,"0bd8d659-3da2-4a42-a8cc-fe529d720ce9"
"114",48.19173532,16.04107468,"2003-06-21","Bombina variegata",2423435,"8becf2d7-839c-42c5-a9a3-9b494aed976e"
"115",48.19245061,16.03945654,"2003-06-21","Bombina variegata",2423435,"850ed788-4d92-4b75-986b-b810032c6592"
"116",48.19230794,16.03992812,"2004-07-26","Bombina variegata",2423435,"9aa7609d-4666-4af9-855e-a6c14d723af9"
"117",48.12280244,16.22460333,"2010-06-10","Bombina variegata",2423435,"814829b7-71e8-41ee-91c5-679d440546d0"
"118",48.0347903,15.95499942,"2011-06-11","Bombina variegata",2423435,"80cbeee3-42cb-474d-a58e-29879f791797"
"119",48.06776404,15.98140382,"2003-07-01","Bombina variegata",2423435,"999c548f-12c8-48f9-9078-7c84c46a7913"
"120",48.08100699,16.00090782,"2004-06-07","Bombina variegata",2423435,"7807d5ad-f16f-4a9f-b4c4-271d8532254b"
"121",48.2018725,16.03482818,"2003-07-26","Bombina variegata",2423435,"99824b48-0963-438c-b378-ab1a24452421"
"122",46.655348,15.521552,"2018-06-10","Bombina variegata",2423435,"6d3449ea-8ca4-403f-8498-1e6bdb3b32da"
"123",48.08099597,15.99714994,"2003-07-20","Bombina variegata",2423435,"92b5cf12-f0d6-484c-9118-e6325bb4fa10"
"124",48.21555704,16.07390597,"2005-06-12","Bombina variegata",2423435,"6d1c3e89-82fb-4c6c-a880-4a58c9b4bafa"
"125",48.25846973,15.49073717,"2001-06-24","Bombina variegata",2423435,"69815339-c355-4f76-b123-51d1187d4f6c"
"126",48.07080385,15.98728711,"2003-07-21","Bombina variegata",2423435,"8ea7717a-11a1-4e01-aabb-fe3768da8d92"
"127",48.20071009,16.03396059,"2003-06-21","Bombina variegata",2423435,"56eb5948-e00c-4933-9669-de83cafb861e"
"128",48.07649735,15.99650849,"2003-07-01","Bombina variegata",2423435,"8d36914e-71b9-430d-96cb-28d6472a95a9"
"129",48.08080575,15.99366168,"2003-07-01","Bombina variegata",2423435,"8b8f5893-f723-4ba9-ab1b-62b01a2d5008"
"130",48.2018725,16.03482818,"2004-06-21","Bombina variegata",2423435,"56e50b54-5373-4add-b0a3-8548b3488c75"
"131",48.21293908,15.39938159,"2001-07-20","Bombina variegata",2423435,"89f20053-dc37-409b-bbf0-4d6eefa5b5b6"
"132",48.187389,16.232247,"2018-06-08","Bombina variegata",2423435,"55138b19-9947-470e-a36f-dce1b8a571a9"
"133",48.08100699,16.00090782,"2004-06-07","Bombina variegata",2423435,"4f384f83-8fa1-402c-8638-0f35bd37b09d"
"134",48.07080385,15.98728711,"2003-07-21","Bombina variegata",2423435,"8801babb-ce1e-42a2-8b83-2682267ec01e"
"135",48.27956458,15.39976737,"2010-07-13","Bombina variegata",2423435,"86a1e685-1019-4422-a610-0e9233f1b7c0"
"136",48.19659367,16.04185387,"2004-06-21","Bombina variegata",2423435,"4aafedda-7d4b-427c-a353-2bd75a30d888"
"137",47.016233,14.511201,"2020-07-12","Bombina variegata",2423435,"850c638f-d4f5-4a50-84a5-ea2286ac2916"
"138",48.3,15.4,"2010-07-13","Bombina variegata",2423435,"7e38a47b-e26c-4acd-a8aa-53a6500e6a08"
"139",48.25692184,15.48207623,"2000-06-10","Bombina variegata",2423435,"49b3eadc-47b1-4c7f-834e-8c9ce3967366"
"140",48.07585394,15.92107931,"2011-06-11","Bombina variegata",2423435,"497b1800-320f-4378-8c7d-e742a7bce188"
"141",48.07962658,15.99031428,"2003-07-21","Bombina variegata",2423435,"785334c2-df1a-40d7-995c-12570f607193"
"142",47.89230958,14.7916449,"2009-08-27","Bombina variegata",2423435,"f877565a-3b42-42a0-aadc-028802faf263"
"143",48.07649735,15.99650849,"2003-07-21","Bombina variegata",2423435,"77c8769b-e90d-4381-b519-1c6d20639e99"
"144",48.18645529,16.03377541,"2004-07-26","Bombina variegata",2423435,"70dc3455-af03-441d-93de-8fdcc0f7830b"
"145",48.08080575,15.99366168,"2004-06-07","Bombina variegata",2423435,"47b4915c-a872-4296-a247-b98039e270c0"
"146",47.051811,15.558069,"2021-05-03","Bombina variegata",2423435,"fdce283c-4c64-496b-9140-90e9c645e3c2"
"147",47.89780291,15.46793866,"2000-05-14","Bombina variegata",2423435,"fd7f36ea-d9e1-465f-bf13-cf3894a25b8e"
"148",46.654227,15.519589,"2018-06-27","Bombina variegata",2423435,"459a128e-f54d-4773-9556-51410337609e"
"149",48.3,15.4,"2010-05-24","Bombina variegata",2423435,"f9932588-11d1-44e6-aed0-18e854cfe3ba"
"150",48.07434601,15.96954939,"2004-08-24","Bombina variegata",2423435,"eb11d2f4-40fe-4837-a682-f26f1dec1419"
"151",48.21168816,16.0731184,"2005-06-12","Bombina variegata",2423435,"3c87da90-f35c-4df1-93f8-7f64029c7d65"
"152",48.20521035,16.03534675,"2004-05-30","Bombina variegata",2423435,"f06b4758-20b2-4a11-99e9-34de93d835f0"
"153",48.207447,16.037622,"2021-05-15","Bombina variegata",2423435,"f0519ad9-fa08-4078-93b4-3e561584a8ad"
"154",48.20113226,16.04068441,"2003-06-21","Bombina variegata",2423435,"3bd4b889-3497-4ba4-8701-56c98fb69072"
"155",48.20320207,16.14512674,"2008-06-15","Bombina variegata",2423435,"3bb04cce-51d0-487e-bd1f-84923b102f1a"
"156",47.855739,15.094186,"2018-06-18","Bombina variegata",2423435,"3a3dfb2f-4bcb-4836-a802-043584156af9"
"157",46.702499,13.224722,"2019-08-01","Bombina variegata",2423435,"ea5c5fd9-1a90-493e-8f3e-a501c7f1cf31"
"158",47.713125,14.22713,"2020-07-21","Bombina variegata",2423435,"6d5230ad-d22b-4153-bf30-d9d4c5c0e766"
"159",48.245254,16.238795,"2008-06-12","Bombina variegata",2423435,"374d5f47-ddfb-4460-bf55-c9a905293981"
"160",48.14350936,16.06889813,"2002-07-21","Bombina variegata",2423435,"693710bf-2b72-42f2-8bdd-e8f7f2dd810b"
"161",47.207059,15.951608,"2014-07-03","Bombina variegata",2423435,"6934b909-54d2-4f73-961c-13fd7286dbfb"
"162",48.20113226,16.04068441,"2003-06-05","Bombina variegata",2423435,"3483390d-4de9-4729-91fe-5bf62da69283"
"163",48.18992853,16.03792438,"2004-07-26","Bombina variegata",2423435,"68eab80a-28f0-4abb-87e8-f4f9fd3d032a"
"164",48.07058015,15.93268852,"2011-06-11","Bombina variegata",2423435,"2d822ea0-2910-430d-900a-58a645e00d58"
"165",48.10783469,16.09050818,"2002-08-04","Bombina variegata",2423435,"e9b16c98-3ef2-47e9-af45-7031da4349fa"
"166",48.0683497,15.97885038,"2003-07-01","Bombina variegata",2423435,"6070a995-ac58-4b07-b2c8-cc2214d6c98a"
"167",48.1906766,16.03509557,"2004-07-26","Bombina variegata",2423435,"5f83f3b0-2a21-4311-b3af-edc6f250e17f"
"168",48.6049679,15.36510147,"2009-06-21","Bombina variegata",2423435,"2b88ddb1-a780-4cb2-9ed1-0ee675a8fac4"
"169",47.800141,15.68078,"2020-06-06","Bombina variegata",2423435,"1b56bcb6-f4a3-4ebe-8617-1d9ffe8d5b71"
"170",48.06776404,15.98140382,"2003-07-01","Bombina variegata",2423435,"5f172309-7aec-404f-9467-f3c33c15968f"
"171",47.69074585,15.82624965,"2000-06-17","Bombina variegata",2423435,"15627bee-2d5a-4529-89a6-e2fbe0806a90"
"172",47.950554,13.275965,"2020-07-12","Bombina variegata",2423435,"5b906d6a-5e33-4a22-9409-f3c11d7555d4"
"173",48.6,15.3,"2016-08-16","Bombina variegata",2423435,"e1f02c77-cbd8-49f0-8558-68e94b54017c"
"174",48.19659367,16.04185387,"2004-06-21","Bombina variegata",2423435,"0bbdb814-c3d5-4ca7-be1f-370e8871b317"
"175",48.19920473,16.02589818,"2003-05-29","Bombina variegata",2423435,"efb964ff-5c52-4732-bf71-0cd8c098bd1c"
"176",48.29203749,15.48775739,"2000-08-01","Bombina variegata",2423435,"dfa98f30-7cf6-4a27-a9ef-f9b2ffd0c1eb"
"177",48.338644,15.554189,"2017-06-02","Bombina variegata",2423435,"08eeb25e-ec3d-4946-96c5-9c20339357da"
"178",48.59684732,15.36722297,"2009-06-21","Bombina variegata",2423435,"080f6bbe-585e-445b-a6ab-c9d9757ec617"
"179",48.15365528,14.50897545,"2000-07-17","Bombina variegata",2423435,"5a2ec1b2-b040-4d33-851f-8686486c50a5"
"180",47.57484441,16.21329154,"2003-06-07","Bombina variegata",2423435,"073d48e4-5312-4860-b343-fce97b8328cf"
"181",48.61305279,15.35348661,"2009-06-21","Bombina variegata",2423435,"01b10b33-31a8-4bf6-a6fb-7bf3cb185073"
"182",48.07979017,15.9849448,"2004-05-19","Bombina variegata",2423435,"ee7ca25a-66d0-4bfe-92a9-840978ad8241"
"183",48.19648597,16.03499428,"2004-07-06","Bombina variegata",2423435,"555aae86-ba37-4dfa-ac9f-ed042779266c"
"184",48.07962658,15.99031428,"2003-07-21","Bombina variegata",2423435,"4febc7ef-12b1-4b0f-a3ae-9b0c70116185"
"185",48.20403807,16.03414281,"2004-05-25","Bombina variegata",2423435,"ecd0ec59-9dc4-4c8f-86e6-02ca1f465337"
"186",48.19659367,16.04185387,"2004-08-25","Bombina variegata",2423435,"daa063b4-8062-4601-a79c-dd044a86b93e"
"187",48.219938,16.173563,"2011-05-29","Bombina variegata",2423435,"ebfaa02f-a84b-449b-a0a5-8240710fa7cc"
"188",48.18645529,16.03377541,"2004-07-26","Bombina variegata",2423435,"4d891c16-d4d3-4496-95d0-f1ee171c6cd3"
"189",48.06918913,15.98863985,"2003-05-31","Bombina variegata",2423435,"eb02cf09-75db-4fb3-93a7-67057fe3847e"
"190",48.06870189,15.97643269,"2004-07-20","Bombina variegata",2423435,"4bf27204-9a0c-41e4-b265-1896a00b3b39"
"191",47.313586,13.102487,"2020-08-12","Bombina variegata",2423435,"da9cb03a-6c11-4422-8158-81b87d450961"
"192",48.08100699,16.00090782,"2003-07-21","Bombina variegata",2423435,"4abcc594-baac-442a-a3a5-889c13c8cec4"
"193",48.07871743,16.09151215,"2008-05-17","Bombina variegata",2423435,"e8e9118e-a23d-4962-9ce4-dec4e2bf1b98"
"194",48.19659367,16.04185387,"2003-07-26","Bombina variegata",2423435,"4843b7c5-f433-471c-bed1-38af7b63fe94"
"195",48.08100699,16.00090782,"2003-05-31","Bombina variegata",2423435,"e7cc4c46-9f88-4579-81e9-387177fb4ecb"
"196",48.20142047,16.03052597,"2004-05-30","Bombina variegata",2423435,"e70837da-82dc-480e-8d9f-8da486c140e9"
"197",48.7,15.4,"2016-08-17","Bombina variegata",2423435,"da93a50d-26c2-49d6-8f22-2c675c43feb8"
"198",48.18374521,16.18837665,"2002-07-07","Bombina variegata",2423435,"44fd53bf-b66a-4441-8e5a-49a8d0be4719"
"199",48.3,15.4,"2010-08-12","Bombina variegata",2423435,"da31de7c-c433-40c1-8a9d-67729f00cfe6"
"200",48.0782757,16.09527199,"2008-05-17","Bombina variegata",2423435,"e25a48c5-3139-4f73-b648-ba8e60036bd3"
"201",48.19230794,16.03992812,"2003-08-25","Bombina variegata",2423435,"ca1319e9-9144-4c64-b67b-160d2afd0583"
"202",48.20521035,16.03534675,"2004-07-26","Bombina variegata",2423435,"44df24ab-5260-4ed3-a9ec-56bd099fc454"
"203",48.0683497,15.97885038,"2004-08-24","Bombina variegata",2423435,"c1edcf19-9045-4e06-be41-6eda1e4de3e9"
"204",48.07896798,15.98078997,"2004-05-19","Bombina variegata",2423435,"dff22a84-07dc-4b8a-9191-85023654092d"
"205",47.85475533,15.09135393,"2008-08-23","Bombina variegata",2423435,"bf9ab328-747f-4c77-978b-bbb8f22f60d6"
"206",46.872517,15.518947,"2020-07-27","Bombina variegata",2423435,"41ccff59-5f70-4eb6-8176-e9dd05b4abaf"
"207",48.08099597,15.99714994,"2003-05-31","Bombina variegata",2423435,"df73f4e3-d3a1-4aa8-9281-f738a978d68d"
"208",48.20189304,16.03926749,"2004-07-26","Bombina variegata",2423435,"40e6e073-8c86-45c3-8d0e-828c11e0c8aa"
"209",48.11356832,16.20134962,"2004-05-12","Bombina variegata",2423435,"de16fb9b-7ab2-4c2b-ae44-389995cef3eb"
"210",48.20403807,16.03414281,"2003-08-25","Bombina variegata",2423435,"bd9833fc-07c8-4d0c-8094-8ffc11bcb76b"
"211",48.20142047,16.03052597,"2004-07-26","Bombina variegata",2423435,"40c8cc73-22fa-483d-97c6-0963d9dc98da"
"212",48.06774573,15.9871736,"2003-07-01","Bombina variegata",2423435,"3edf4c7b-a09c-4bfb-b549-19a8a6606f2d"
"213",48.07979017,15.9849448,"2003-05-31","Bombina variegata",2423435,"d7acc45b-61bd-40f0-a1ff-8f7ae04c6035"
"214",48.42834635,15.58020656,"2008-07-13","Bombina variegata",2423435,"3cde4b32-a00f-4c87-89cb-a2a4b09b4f7f"
"215",48.6,15.4,"2016-08-17","Bombina variegata",2423435,"bd2fb4b5-552d-4b94-8766-3bc9d39ef350"
"216",47.8,15.4167,"2002-07-23","Bombina variegata",2423435,"3c6c269e-806e-4a0e-97b0-e696bbcf70bc"
"217",48.26055357,15.41097016,"2001-05-24","Bombina variegata",2423435,"d593cc81-0454-4996-a67c-eb83b77ad74a"
"218",48.15762917,15.5827884,"2008-05-28","Bombina variegata",2423435,"d2eb842d-757b-4a8c-8dff-adeede2c084b"
"219",48.0668337,15.98302032,"2003-07-01","Bombina variegata",2423435,"3c30d143-2cc4-45cb-8aae-de5d1f22b15d"
"220",48.18645529,16.03377541,"2003-08-25","Bombina variegata",2423435,"bce79d46-13a2-48e7-a95f-9603dd32c065"
"221",48.0830774,16.00156546,"2003-07-21","Bombina variegata",2423435,"38a2b85f-2ef6-4b07-bdea-f6f45edc559d"
"222",48.2018725,16.03482818,"2004-05-29","Bombina variegata",2423435,"ce83c9cc-d1f9-4f7f-85c3-5501fd4526e8"
"223",48.12167856,16.22490127,"2009-05-27","Bombina variegata",2423435,"c8d7c92b-7a00-4450-b9d9-c6b5d40e74a0"
"224",47.83141497,14.8802687,"2002-08-10","Bombina variegata",2423435,"bca43e78-5869-41e7-9a04-d556b62a5258"
"225",47.420428,15.240272,"2020-07-19","Bombina variegata",2423435,"37594386-68b3-4345-aa45-211675ec9a56"
"226",48.07546216,16.00387576,"2009-08-02","Bombina variegata",2423435,"bba43ea2-2ff2-4455-b646-c5d44be9d5d5"
"227",46.900159,15.918176,"2019-05-01","Bombina variegata",2423435,"c7b41c3d-050b-47fd-9b04-a90723c98a5a"
"228",48.7,15.3,"2016-08-16","Bombina variegata",2423435,"b65e077c-cae8-48f4-9d64-6bf4729ccf1c"
"229",48.20663584,16.03365665,"2004-08-25","Bombina variegata",2423435,"b424bd1a-1bc7-4ae6-90bb-3cd7a5e14c52"
"230",48.78783386,15.00427179,"2004-08-27","Bombina variegata",2423435,"ad9f8b5c-78a6-4e88-ae9e-b623389c5432"
"231",48.06774573,15.9871736,"2003-05-31","Bombina variegata",2423435,"c458791f-0e70-4550-949e-cae8d86c43c8"
"232",48.261967,15.274163,"2020-08-12","Bombina variegata",2423435,"9e421d66-a0c1-4c0a-aacc-cafe1bde7dc3"
"233",48.7,15.3,"2016-08-16","Bombina variegata",2423435,"9ae071d0-4e80-4c0f-a2b2-1e5a2eac7284"
"234",48.20656002,16.03560793,"2003-08-25","Bombina variegata",2423435,"95d9fbe2-c2b4-4fb9-bde0-d98802f01617"
"235",48.12260621,16.22628277,"2010-08-05","Bombina variegata",2423435,"95b84822-2669-4304-ab42-d36a5f81bea5"
"236",46.677905,12.93607,"2020-08-09","Bombina variegata",2423435,"93c3af60-3c31-4c38-98eb-42d3b4b26df2"
"237",48.19460058,16.03621591,"2004-07-26","Bombina variegata",2423435,"34f0b5a9-4294-4269-8ef8-fdbfb0c8dc05"
"238",48.7,15.2,"2016-08-16","Bombina variegata",2423435,"92c0ea0f-46a7-439a-be4b-c839ee1eb49f"
"239",48.20071009,16.03396059,"2003-08-25","Bombina variegata",2423435,"89a10171-9efa-48c4-8761-1bd40ff4dcfd"
"240",47.477603,9.938974,"2020-07-01","Bombina variegata",2423435,"3258e27d-724f-439c-97ef-4976b780c14c"
"241",48.7,15.4,"2016-08-17","Bombina variegata",2423435,"87d3f528-3065-4049-910f-98881dfbf746"
"242",48.07377407,15.9880722,"2003-07-21","Bombina variegata",2423435,"2e4a7288-d5a3-4316-8edd-915ddb5f400b"
"243",48.19230794,16.03992812,"2003-05-29","Bombina variegata",2423435,"c3eb59fc-86e0-474f-9e78-d86995788c4c"
"244",48.2018725,16.03482818,"2004-08-25","Bombina variegata",2423435,"7d41051a-7a65-465e-97a9-f6a91cbb5bb0"
"245",48.08100699,16.00090782,"2003-07-01","Bombina variegata",2423435,"28403871-ba1c-4f18-903e-db1bddda1fd2"
"246",48.2,14.5667,"1991-07-14","Bombina variegata",2423435,"23bb481e-2ad0-4d0b-8c8e-433e75d43927"
"247",48.27956458,15.39976737,"2010-08-12","Bombina variegata",2423435,"774b8354-1a2f-4fbd-9d6e-c03f0f037cd8"
"248",47.89777593,15.46793911,"2002-05-18","Bombina variegata",2423435,"c378f051-f4a1-47cf-bf9d-f6e481c01c75"
"249",48.08080575,15.99366168,"2003-07-21","Bombina variegata",2423435,"1e7a063b-153c-4ec5-8359-09f847eceb58"
"250",47.76503,15.020437,"2020-08-11","Bombina variegata",2423435,"6f7802ce-aa70-4441-b5f8-786ef80d9947"
"251",48.35752405,15.56240442,"2008-05-01","Bombina variegata",2423435,"c1a64836-c0d0-40f8-8268-f2468c70abbd"
"252",48.30599722,15.56604866,"2000-05-20","Bombina variegata",2423435,"bbcdad25-d7e3-4876-b421-71d62cfae471"
"253",47.802162,13.798355,"2019-07-03","Bombina variegata",2423435,"1a171144-b48c-48d4-a5a7-2403c287c75e"
"254",47.79037521,15.23283048,"2001-08-26","Bombina variegata",2423435,"6b33f094-994d-4215-b32f-e2f4f9376276"
"255",48.18321257,16.19389182,"2002-07-07","Bombina variegata",2423435,"19dbf5d5-b082-4e5d-81fc-06b1c41a3ae4"
"256",47.83034293,14.87786713,"2008-05-10","Bombina variegata",2423435,"b8691f76-ee83-4526-85c4-a9d258f8081c"
"257",48.6,15.3,"2016-08-17","Bombina variegata",2423435,"6939a399-0b86-496e-ad3b-e2c68cf11521"
"258",48.19659367,16.04185387,"2003-07-26","Bombina variegata",2423435,"17a18d46-605f-4b2a-a440-00c59a85ebfc"
"259",48.1435807,16.14531712,"2008-05-30","Bombina variegata",2423435,"b7903e2b-c90a-434a-863b-e7a5c05de70c"
"260",48.7,15.3,"2016-08-16","Bombina variegata",2423435,"663c7751-dacd-41d5-86db-ee2c87704ccb"
"261",48.07186082,15.98003377,"2003-07-21","Bombina variegata",2423435,"1501131b-be53-4ff4-a15f-3d72e71c9b25"
"262",48.21293908,15.39938159,"2001-07-04","Bombina variegata",2423435,"12a96cd8-5d31-4651-9d3c-f453f7a35f58"
"263",48.0668337,15.98302032,"2003-05-31","Bombina variegata",2423435,"b51c9b68-38cf-4865-8f23-bb63b393cb16"
"264",48.11740704,16.05976632,"2002-08-04","Bombina variegata",2423435,"65ac7686-5798-4904-ae1f-fae0a14eadab"
"265",48.78417697,15.00843742,"2010-05-28","Bombina variegata",2423435,"b26b94ab-5000-433f-bbd5-50f7da74673b"
"266",48.07080385,15.98728711,"2003-08-07","Bombina variegata",2423435,"656915d3-7425-4ef9-b886-80f2a73bfec5"
"267",48.157372,14.680219,"2020-07-20","Bombina variegata",2423435,"12158092-7dc8-4bb5-8de3-54e4066c410c"
"268",48.08100699,16.00090782,"2003-07-01","Bombina variegata",2423435,"0b14554d-d2ad-4560-a79b-55b398de3879"
"269",46.655373,15.521493,"2018-05-20","Bombina variegata",2423435,"afbe3808-560e-46b4-9436-c2b4e046ae4e"
"270",47.780502,15.189075,"2020-08-22","Bombina variegata",2423435,"6116b641-7322-4017-908f-7f4f234a087e"
"271",48.1933079,16.04059488,"2003-07-26","Bombina variegata",2423435,"00e721ea-2d5a-49cc-aac8-f2275e188f29"
"272",47.69074585,15.82624965,"2000-05-11","Bombina variegata",2423435,"ad16e6a3-f4a2-4bc8-9b10-80cdaa1e9041"
"273",48.18388675,16.03170607,"2003-08-25","Bombina variegata",2423435,"5dcc0a0c-c5f8-4b91-8018-97566755f0ec"
"274",48.06776404,15.98140382,"2004-05-19","Bombina variegata",2423435,"ac866e99-8e75-46d0-aadd-d4d9f81e97b2"
"275",48.25784877,16.18802857,"2002-08-29","Bombina variegata",2423435,"527852e4-d2df-405f-9fc2-668836bf308d"
"276",48.7885666,15.00464707,"2010-05-28","Bombina variegata",2423435,"a721260c-4b94-4651-9b68-d39d3fa7592d"
"277",48.12040778,16.22212369,"2002-05-09","Bombina variegata",2423435,"a6044791-cbce-4810-83cf-ac92b79766fd"
"278",48.18865772,16.03342622,"2004-05-03","Bombina variegata",2423435,"a5d68269-25fe-4aec-aa8e-c38e013bf918"
"279",48.24516585,15.27458448,"2001-08-26","Bombina variegata",2423435,"518c4252-6ad6-4e5e-8fb5-a37613e0a8ff"
"280",48.12260621,16.22628277,"2010-05-25","Bombina variegata",2423435,"a185f294-3f47-4ee7-b7bd-81b8b3aa2627"
"281",46.811302,14.422146,"2019-08-16","Bombina variegata",2423435,"4dd43cee-8cae-4d73-b2d3-a4087d0abfc0"
"282",48.20189304,16.03926749,"2004-05-25","Bombina variegata",2423435,"a0a422e7-e258-4aaf-954a-ca876c2d699e"
"283",48.07960372,15.98279873,"2004-08-24","Bombina variegata",2423435,"4a38c9f4-2625-4727-9745-8478495e3fea"
"284",46.631534,13.885184,"2020-05-21","Bombina variegata",2423435,"a039ebbc-f70b-4fdf-a9ab-a72ff955c3b5"
"285",48.7,15.4,"2016-08-17","Bombina variegata",2423435,"45d386ad-ec55-4776-ba3f-31f8e7e44179"
"286",48.09770852,14.82066129,"2005-05-21","Bombina variegata",2423435,"a01df523-0148-4d51-936d-2da5c8fbfeda"
"287",48.20247373,15.31118519,"2000-08-21","Bombina variegata",2423435,"3c2a011b-8b03-4e85-af7e-ccd764f5a869"
"288",48.21614564,16.11898234,"2001-05-01","Bombina variegata",2423435,"9edb2ef2-556e-46e8-9087-7204575c3ca9"
"289",47.086903,15.75236,"2020-08-15","Bombina variegata",2423435,"3b753a4d-89f6-442d-a0db-4a3eaecf80c0"
"290",48.18645529,16.03377541,"2003-05-29","Bombina variegata",2423435,"9beb0aa2-3669-4ce0-ab09-29fdb084f615"
"291",48.25778212,15.05730446,"2004-05-10","Bombina variegata",2423435,"9b06e234-695a-44d4-a5c3-9af6d3e356b2"
"292",48.07960372,15.98279873,"2004-08-24","Bombina variegata",2423435,"37f0d7bc-ef76-4403-92fd-d876f9437e00"
"293",48.23837709,15.39777293,"2000-05-28","Bombina variegata",2423435,"9a6bcd26-c51b-4a6d-bcb3-3ab11a8dfead"
"294",48.23973831,16.16017186,"2010-05-09","Bombina variegata",2423435,"984f6626-796a-4635-8f15-7daf30a31640"
"295",48.36698564,16.2244932,"2010-05-03","Bombina variegata",2423435,"958192d3-815f-40fb-91ad-ce868f3db3dc"
"296",48.7,15.3,"2016-08-16","Bombina variegata",2423435,"36c5030f-e44d-40a3-a2e8-d7459ac4e108"
"297",48.43122719,15.47132125,"2001-05-20","Bombina variegata",2423435,"9555b097-ca74-4773-bb75-9548bb4ba70b"
"298",48.08100699,16.00090782,"2003-05-31","Bombina variegata",2423435,"93b699e3-b228-43e8-a6a3-ebb00c97414e"
"299",47.89230958,14.7916449,"2009-08-27","Bombina variegata",2423435,"3697a10a-8529-44dc-9ffe-2d7fb0df2925"
"300",47.055068,15.489517,"2020-08-01","Bombina variegata",2423435,"368e5ff7-7f9f-4188-8a5d-0c31d6eb6f70"
"301",48.19659367,16.04185387,"2004-05-29","Bombina variegata",2423435,"9367bf5f-3f3a-49ac-8ede-91917401b9f9"
"302",48.14559,15.790327,"2020-05-10","Bombina variegata",2423435,"90f85af0-799f-4829-94ea-deaec41b538f"
"303",48.7,15.3,"2016-08-16","Bombina variegata",2423435,"32424692-d169-49eb-844c-7b8ce6614596"
"304",48.07434601,15.96954939,"2003-05-31","Bombina variegata",2423435,"8f30b857-8eb2-4ae1-928c-646aec979392"
"305",47.98362962,15.73328347,"2003-05-24","Bombina variegata",2423435,"8d22373e-c4a9-4357-b511-d6a5665a844b"
"306",47.88211223,15.44261083,"2000-05-14","Bombina variegata",2423435,"89bfec47-05d2-4ee8-83fe-1bae7f75ec8a"
"307",48.07907214,15.98541942,"2004-05-19","Bombina variegata",2423435,"89ab1e0f-ecea-433d-9f7a-581b96c5072c"
"308",48.07080385,15.98728711,"2003-08-07","Bombina variegata",2423435,"3211f9f9-4c18-4bb5-8e61-3e668f7a4a73"
"309",48.164295,16.195222,"2020-05-08","Bombina variegata",2423435,"84ca4a3e-a40d-40ed-9c20-04282c0d29d9"
"310",48.0668337,15.98302032,"2004-08-24","Bombina variegata",2423435,"2cb16344-5cae-42b5-af64-fb0b5ead70c8"
"311",48.08200695,15.94721522,"2002-08-12","Bombina variegata",2423435,"1e0b47fd-2618-40c7-9454-c48f69d35ddf"
"312",47.406064,16.252908,"2020-05-02","Bombina variegata",2423435,"83844872-577a-4c04-aa54-56cee375e2e8"
"313",48.07649735,15.99650849,"2003-08-07","Bombina variegata",2423435,"1d3e3218-0d01-4051-839c-2db2fa6b4ebb"
"314",48.7,15.3,"2016-08-16","Bombina variegata",2423435,"1895788c-75c3-4be9-8875-e08c5b7ca213"
"315",47.605243,13.889939,"2020-08-16","Bombina variegata",2423435,"11a74c34-37b3-4c8e-b9df-51c92708a7d3"
"316",48.19173532,16.04107468,"2004-05-30","Bombina variegata",2423435,"8324a033-81aa-43b4-a449-a0ab9d720c29"
"317",46.657071,15.521428,"2020-05-17","Bombina variegata",2423435,"830f22c4-c11a-48b3-824f-36a47f71d077"
"318",48.0830774,16.00156546,"2003-08-17","Bombina variegata",2423435,"0a978c7d-a9d7-40d2-9062-c83e87a4c39d"
"319",48.1600787,15.59995826,"2008-05-28","Bombina variegata",2423435,"810a635f-9266-45d0-b04b-6889c8d9bde1"
"320",48.15938677,15.60426954,"2008-05-30","Bombina variegata",2423435,"7d6e377f-3e5f-4b53-af8a-d8d07ac8ffef"
"321",48.7885666,15.00464707,"2010-05-28","Bombina variegata",2423435,"7c50b86f-ba22-4f9c-8d06-85e166c1e8cd"
"322",48.7,15.2,"2016-08-16","Bombina variegata",2423435,"0772f18e-5051-446b-bb71-9cd56b195e6b"
"323",47.55001,13.908892,"2021-05-08","Bombina variegata",2423435,"7b1c82f9-a679-4ea1-a5e9-f8670386ac5f"
"324",48.292037,15.48769002,"2000-08-10","Bombina variegata",2423435,"0618492a-90ec-4d9f-b73b-e893b365ccb0"
"325",47.98401732,16.09222786,"2008-08-19","Bombina variegata",2423435,"055bfaa7-747a-4098-8961-10c3cfb38d1a"
"326",48.12249428,16.22473216,"2010-05-23","Bombina variegata",2423435,"79ee5a4f-1e65-43c8-8aca-cbd7c354c865"
"327",48.15565346,15.58322055,"2008-05-29","Bombina variegata",2423435,"7761eb4a-ac5d-491d-880c-bf1fbf3d6fbd"
"328",48.10783584,16.12383699,"2002-08-04","Bombina variegata",2423435,"0151dc44-65da-4be3-8115-a8b43cd9c6c8"
"329",48.08080575,15.99366168,"2003-05-31","Bombina variegata",2423435,"76a910cb-100a-4687-b8f6-52513344a44f"
"330",48.1571186,15.58723147,"2008-05-28","Bombina variegata",2423435,"71ab5ea8-8e78-4c6c-8370-685a878e27d9"
"331",47.331897,15.274917,"2021-05-01","Bombina variegata",2423435,"6f6238b9-d97a-48f0-ae28-99228fcabf48"
"332",48.27956458,15.39976737,"2010-05-24","Bombina variegata",2423435,"6f188ace-975c-46a0-b20c-34ce0b5e4fe8"
"333",48.44640876,15.45139565,"2001-05-06","Bombina variegata",2423435,"6f16c32a-424c-4f9a-975e-f59d9005bb33"
"334",47.82916058,14.85869406,"2001-05-21","Bombina variegata",2423435,"6da686a5-f900-4e18-b921-a4a75d2d7f8f"
"335",47.83034293,14.87786713,"2008-05-10","Bombina variegata",2423435,"6d67b69b-d5ba-464d-9a4f-a8882168b651"
"336",48.20868781,16.04004061,"2008-05-10","Bombina variegata",2423435,"6b0d6d67-5ea8-40de-8f1c-801dc804c901"
"337",48.07896798,15.98078997,"2003-05-31","Bombina variegata",2423435,"6a210bc0-a4e3-410e-9d5c-49fd5b6215c5"
"338",48.15938677,15.60426954,"2008-05-30","Bombina variegata",2423435,"6761f9be-7989-4cc4-8adb-a151f368ced3"
"339",48.26055357,15.41097016,"2000-05-28","Bombina variegata",2423435,"64e28509-f902-46fd-895a-aa220711ba08"
"340",48.12374452,16.22233122,"2009-05-18","Bombina variegata",2423435,"64b69a2c-8486-4dd9-8604-9db418f5483c"
"341",48.12280244,16.22460333,"2010-05-05","Bombina variegata",2423435,"64919021-cd48-48cb-a999-890391ba86df"
"342",48.08074632,15.97426844,"2004-05-19","Bombina variegata",2423435,"6372fff2-cfbb-474a-928b-82ce023f6dd3"
"343",48.270277,16.107891,"2018-05-11","Bombina variegata",2423435,"5dd1d23e-5c91-4952-974a-1f3160d57afb"
"344",48.19245061,16.03945654,"2003-05-29","Bombina variegata",2423435,"5d742b38-727a-46c9-91a3-84198ec57dfc"
"345",48.20663584,16.03365665,"2003-05-25","Bombina variegata",2423435,"5be0fbec-4a58-4b4d-891c-efa34ca55d45"
"346",48.06776404,15.98140382,"2003-05-31","Bombina variegata",2423435,"5ba98329-9ec3-4b31-95f8-916ecbdbb932"
"347",48.15960015,15.59546209,"2008-05-28","Bombina variegata",2423435,"5ae1e4cd-371d-408d-ad35-b2b2d741f01a"
"348",48.156625,16.219002,"2021-05-23","Bombina variegata",2423435,"57e435a6-aac2-402c-b79f-7ae683de840f"
"349",48.08080575,15.99366168,"2003-05-31","Bombina variegata",2423435,"571a3d21-54d1-4193-911a-a9867bb60690"
"350",48.26064458,15.4111032,"2002-05-04","Bombina variegata",2423435,"569e77d6-272d-4d9a-b828-2f5fd6d48153"
"351",48.06674993,15.98503352,"2003-05-31","Bombina variegata",2423435,"560597d6-6fe5-4ec3-a2f6-c6749c1c2d21"
"352",48.1933079,16.04059488,"2003-05-29","Bombina variegata",2423435,"5363e829-e9b7-4f93-bcfa-9088e9c46a3a"
"353",48.15949591,15.59324569,"2008-05-28","Bombina variegata",2423435,"514d9346-c330-4a96-87a6-e3387c427ddf"
"354",48.07434601,15.96954939,"2004-05-19","Bombina variegata",2423435,"5145ef7b-f098-4303-9de1-7123366b03d5"
"355",48.26055357,15.41097016,"2000-05-21","Bombina variegata",2423435,"4db4b5cd-3eaf-4f4e-98c1-e48a41be0f97"
"356",48.78417697,15.00843742,"2010-05-28","Bombina variegata",2423435,"4cf34e6e-f469-44d8-93ae-91d36c4b6ace"
"357",48.20071009,16.03396059,"2003-05-29","Bombina variegata",2423435,"4a4afc8a-ba8d-4f1d-bb4e-604f7414ba73"
"358",48.07896798,15.98078997,"2003-05-31","Bombina variegata",2423435,"47d3d65c-a3bd-430c-9979-ae4158681322"
"359",48.11356832,16.20134962,"2004-05-12","Bombina variegata",2423435,"45364920-1752-410d-ab5f-8e82010a7ed9"
"360",48.18972418,16.03200773,"2004-05-25","Bombina variegata",2423435,"439b87ef-6070-4306-9a1f-5d5aa1009eee"
"361",48.156573,16.218811,"2021-05-23","Bombina variegata",2423435,"3e48fa1a-19be-4be0-a0e7-29959cf3996d"
"362",48.12038081,16.22213718,"2002-05-04","Bombina variegata",2423435,"3e348c50-f3ec-4f7f-9eac-ba5e8fbe034a"
"363",48.1852671,14.50458606,"2002-05-04","Bombina variegata",2423435,"373b7f79-e8d2-40ba-ab01-008541900ef5"
"364",48.06776404,15.98140382,"2003-05-31","Bombina variegata",2423435,"36c2519c-964b-4ad9-9d39-46bb95b21704"
"365",48.18972418,16.03200773,"2003-05-29","Bombina variegata",2423435,"35367053-ba4c-45cb-a54e-38f39c3e8170"
"366",48.15679511,15.59281425,"2008-05-28","Bombina variegata",2423435,"33ab5476-140a-4d53-ab39-e5bcef0d971e"
"367",46.647562,14.353165,"2018-05-05","Bombina variegata",2423435,"337783a3-9460-428a-a9b5-3b1315cf4e34"
"368",48.07907214,15.98541942,"2004-05-19","Bombina variegata",2423435,"32834808-db16-4b33-b72d-ab67b2a49ea5"
"369",48.06774573,15.9871736,"2003-05-19","Bombina variegata",2423435,"2ec4b750-8ca7-47bf-b3ec-108bef1386e9"
"370",48.18,16.23,"2016-05-21","Bombina variegata",2423435,"2c840705-f326-445d-945e-038bf7927914"
"371",48.15938677,15.60426954,"2008-05-30","Bombina variegata",2423435,"29cb4d1a-9eda-4eaf-94dc-045cfd8f08a2"
"372",47.69079981,15.82624912,"2000-05-26","Bombina variegata",2423435,"29a9c3ce-2fa3-430e-920b-c0658039eb98"
"373",48.15943371,15.59754797,"2008-05-28","Bombina variegata",2423435,"28cbe6ce-e983-43a0-8421-a81621013acb"
"374",48.19648597,16.03499428,"2004-05-25","Bombina variegata",2423435,"28b56c7c-1b43-4943-bb5c-781e7131e27e"
"375",48.20071009,16.03396059,"2004-05-25","Bombina variegata",2423435,"275db8af-0c74-454e-8111-4844ea0d6774"
"376",48.2397883,16.16008187,"2010-05-30","Bombina variegata",2423435,"2540244a-f8b7-4608-9ebd-defc8e4229b6"
"377",47.774667,15.039955,"2015-05-06","Bombina variegata",2423435,"24f39672-1bc1-447a-b484-ddd6fdd5c3e2"
"378",48.15762917,15.5827884,"2008-05-29","Bombina variegata",2423435,"23d6f929-eb90-4c19-afa8-4f8d4d94f87b"
"379",48.15975873,15.59216655,"2008-05-28","Bombina variegata",2423435,"20cf105a-359a-4e26-a16d-0b2ed2b080c0"
"380",48.15946454,15.58840709,"2008-05-28","Bombina variegata",2423435,"1e4ef50a-1247-4bba-9258-af2c3dad789f"
"381",48.07960372,15.98279873,"2003-05-31","Bombina variegata",2423435,"1e499029-f5b0-402c-b3dd-1f5614a2d52b"
"382",48.1579611,15.59232695,"2008-05-28","Bombina variegata",2423435,"1ca9a823-eb2f-4b10-8247-447af3e7f99e"
"383",48.56519768,15.23006004,"2011-05-08","Bombina variegata",2423435,"19cad4af-dc0b-44e4-aed2-19da3587219f"
"384",47.791584,15.308753,"2018-05-30","Bombina variegata",2423435,"1981879e-3719-4d5a-976b-19aa96e8905a"
"385",47.69074585,15.82624965,"2000-05-26","Bombina variegata",2423435,"18f5f11b-e1e7-48e5-bc3e-ea942ac19641"
"386",48.20071009,16.03396059,"2003-05-29","Bombina variegata",2423435,"155fcd2e-cea3-45be-a54c-f015479c5956"
"387",48.12260621,16.22628277,"2010-05-27","Bombina variegata",2423435,"0f04ff30-584d-4608-a4f9-ab751abd9511"
"388",48.72414757,15.4597104,"2008-05-24","Bombina variegata",2423435,"0de267b3-d230-43f8-89a1-28764524e6f7"
"389",48.07631887,15.99697936,"2004-05-19","Bombina variegata",2423435,"0bee8b90-11d3-4bc6-9ddc-e9ecbd6d3c9b"
"390",48.06776404,15.98140382,"2004-05-19","Bombina variegata",2423435,"00dfb62c-f923-4f52-bbdd-3f2537bc2877"
"391",48.20663584,16.03365665,"2004-05-29","Bombina variegata",2423435,"009bbcb6-c79d-40c6-9a59-7b0ab4a30f34"
"392",48.07790281,15.98536026,"2004-05-19","Bombina variegata",2423435,"00581a25-ddeb-43a9-aee1-39a63fb554b4"
